[{"pesan":"boleh minta sc ga","balasan":"ga boleh","creator":"6285727091924@s.whatsapp.net"},{"pesan":"jo","balasan":"paan su?","creator":"6281319944917@s.whatsapp.net"},{"pesan":"kontol","balasan":"ish ngomong nya","creator":"6281319944917@s.whatsapp.net"},{"pesan":"assalamualaikum","balasan":"Waalaikumsalam","creator":"6281319944917@s.whatsapp.net"},{"pesan":"@628981676597","balasan":"Jangan Tag dia kak, kaka cantik lagi sibuk><","creator":"6281319944917@s.whatsapp.net"},{"pesan":"p","balasan":"Iyaaaa, ada yg bisa bot bantu?ketik #menu untuk melihat fitur yg tersedia","creator":"6281319944917@s.whatsapp.net"},{"pesan":"pagi","balasan":"Pagi kak, awali harimu dengan senyuman dan kebahagiaan:))","creator":"6281319944917@s.whatsapp.net"}]