[{"id":"6283815956151@s.whatsapp.net","xp":28552,"level":3},{"id":"6283152753417@s.whatsapp.net","xp":1,"level":1},{"id":"916289698359@s.whatsapp.net","xp":1,"level":1},{"id":"6282179419059@s.whatsapp.net","xp":4172,"level":1},{"id":"6287821648498@s.whatsapp.net","xp":1,"level":1},{"id":"6288292024190@s.whatsapp.net","xp":1,"level":1},{"id":"6285876330812@s.whatsapp.net","xp":1,"level":1},{"id":"6285828707519@s.whatsapp.net","xp":1,"level":1},{"id":"16129305745@s.whatsapp.net","xp":1,"level":1},{"id":"6285210475413@s.whatsapp.net","xp":12195,"level":2},{"id":"6282125190016@s.whatsapp.net","xp":1,"level":1},{"id":"6287819962953@s.whatsapp.net","xp":1,"level":1},{"id":"6282283456523@s.whatsapp.net","xp":1,"level":1},{"id":"628871844250@s.whatsapp.net","xp":1,"level":1},{"id":"6285717026352@s.whatsapp.net","xp":1,"level":1},{"id":"62895801181650@s.whatsapp.net","xp":1,"level":1},{"id":"6285839347826@s.whatsapp.net","xp":1,"level":1},{"id":"6283195112974@s.whatsapp.net","xp":1,"level":1},{"id":"6281649182855@s.whatsapp.net","xp":1,"level":1},{"id":"6289504555877@s.whatsapp.net","xp":1,"level":1},{"id":"6285794659953@s.whatsapp.net","xp":144221,"level":5},{"id":"6288213292687@s.whatsapp.net","xp":9455,"level":2},{"id":"6285792435991@s.whatsapp.net","xp":1358,"level":1},{"id":"6285876371686@s.whatsapp.net","xp":1,"level":1},{"id":"6289509392968@s.whatsapp.net","xp":315,"level":1},{"id":"6289504226888@s.whatsapp.net","xp":35715,"level":4},{"id":"62887436663104@s.whatsapp.net","xp":1,"level":1},{"id":"6289530863358@s.whatsapp.net","xp":321,"level":1},{"id":"6281319944917@s.whatsapp.net","xp":165834,"level":6},{"id":"994409692333@s.whatsapp.net","xp":209,"level":1},{"id":"6281224263467@s.whatsapp.net","xp":8672,"level":2},{"id":"6288239766097@s.whatsapp.net","xp":9406,"level":2},{"id":"6281386363697@s.whatsapp.net","xp":1,"level":1},{"id":"6285321500049@s.whatsapp.net","xp":1,"level":1},{"id":"6283143631416@s.whatsapp.net","xp":1255,"level":1},{"id":"6287704768000@s.whatsapp.net","xp":3456,"level":1},{"id":"6281398106266@s.whatsapp.net","xp":1,"level":1},{"id":"6282333005257@s.whatsapp.net","xp":106,"level":1},{"id":"6283142138342@s.whatsapp.net","xp":527,"level":1},{"id":"6287831072962@s.whatsapp.net","xp":310,"level":1},{"id":"6289527190631@s.whatsapp.net","xp":318,"level":1},{"id":"12082544180@s.whatsapp.net","xp":14413,"level":2},{"id":"6281227420831@s.whatsapp.net","xp":208,"level":1},{"id":"6287841346395@s.whatsapp.net","xp":1,"level":1},{"id":"62816287411@s.whatsapp.net","xp":105,"level":1},{"id":"6285737015873@s.whatsapp.net","xp":108,"level":1},{"id":"62895700216435@s.whatsapp.net","xp":825,"level":1},{"id":"6283185753705@s.whatsapp.net","xp":1348,"level":1},{"id":"6282337548308@s.whatsapp.net","xp":11752,"level":2},{"id":"6283184649489@s.whatsapp.net","xp":109,"level":1},{"id":"6283846946103@s.whatsapp.net","xp":64899,"level":4},{"id":"6282122613368@s.whatsapp.net","xp":1,"level":1},{"id":"62856917288392@s.whatsapp.net","xp":1254,"level":1},{"id":"6285648590406@s.whatsapp.net","xp":23595,"level":3},{"id":"6289529806237@s.whatsapp.net","xp":718,"level":1},{"id":"6287866045746@s.whatsapp.net","xp":636,"level":1},{"id":"6281238520899@s.whatsapp.net","xp":1,"level":1},{"id":"62895408602121@s.whatsapp.net","xp":2099,"level":1},{"id":"628977972908@s.whatsapp.net","xp":3532,"level":1},{"id":"6283829666250@s.whatsapp.net","xp":319,"level":1},{"id":"6289653258480@s.whatsapp.net","xp":1,"level":1},{"id":"6285762000753@s.whatsapp.net","xp":1,"level":1},{"id":"6282157110568@s.whatsapp.net","xp":1,"level":1},{"id":"62887436663104@s.whatsapp.net","xp":1,"level":1},{"id":"6285722838903@s.whatsapp.net","xp":1,"level":1},{"id":"6285876371686@s.whatsapp.net","xp":1,"level":1},{"id":"62895623482288@s.whatsapp.net","xp":1,"level":1},{"id":"6282256080304@s.whatsapp.net","xp":14687,"level":2},{"id":"6285798447758@s.whatsapp.net","xp":106,"level":1},{"id":"6283114413583@s.whatsapp.net","xp":1,"level":1},{"id":"6285831162204@s.whatsapp.net","xp":413,"level":1},{"id":"62895702152636@s.whatsapp.net","xp":204,"level":1},{"id":"6287841346395@s.whatsapp.net","xp":1,"level":1},{"id":"6289523032421@s.whatsapp.net","xp":739,"level":1},{"id":"62856917288391@s.whatsapp.net","xp":1051,"level":1},{"id":"6283807783837@s.whatsapp.net","xp":1,"level":1},{"id":"6285805245137@s.whatsapp.net","xp":1153,"level":1},{"id":"6285691728839@s.whatsapp.net","xp":313,"level":1},{"id":"6285691728839@s.whatsapp.net","xp":12654,"level":2},{"id":"62859109833995@s.whatsapp.net","xp":1,"level":1},{"id":"6288227374813@s.whatsapp.net","xp":1456,"level":1},{"id":"6281373265705@s.whatsapp.net","xp":4806,"level":1},{"id":"6282179630433@s.whatsapp.net","xp":1064,"level":1},{"id":"62881025058443@s.whatsapp.net","xp":1896,"level":1},{"id":"6285321500049@s.whatsapp.net","xp":1,"level":1},{"id":"6283157911726@s.whatsapp.net","xp":1,"level":1},{"id":"6281245189218@s.whatsapp.net","xp":1543,"level":1},{"id":"6282256156615@s.whatsapp.net","xp":2815,"level":1},{"id":"6282333005257@s.whatsapp.net","xp":16853,"level":3},{"id":"6282138680085@s.whatsapp.net","xp":2840,"level":1},{"id":"62895414565104@s.whatsapp.net","xp":3119,"level":1},{"id":"6282284135543@s.whatsapp.net","xp":108,"level":1},{"id":"6282175270057@s.whatsapp.net","xp":627,"level":1},{"id":"6282211307021@s.whatsapp.net","xp":1,"level":1},{"id":"6289608738087@s.whatsapp.net","xp":316,"level":1},{"id":"6282279735026@s.whatsapp.net","xp":1,"level":1},{"id":"6282112893263@s.whatsapp.net","xp":5326,"level":2},{"id":"628983905059@s.whatsapp.net","xp":15008,"level":3},{"id":"6285841413615@s.whatsapp.net","xp":1,"level":1},{"id":"6287814002338@s.whatsapp.net","xp":1,"level":1},{"id":"6283142138342@s.whatsapp.net","xp":2404,"level":1},{"id":"6287877173955@s.whatsapp.net","xp":2395,"level":1},{"id":"5218995433021@s.whatsapp.net","xp":6152,"level":2},{"id":"62895700957831@s.whatsapp.net","xp":936,"level":1},{"id":"6283185753705@s.whatsapp.net","xp":8068,"level":2},{"id":"6283898732422@s.whatsapp.net","xp":1,"level":1},{"id":"6285806600622@s.whatsapp.net","xp":25763,"level":3},{"id":"557996096237@s.whatsapp.net","xp":204,"level":1},{"id":"6282131798219@s.whatsapp.net","xp":7287,"level":2},{"id":"6285787183781@s.whatsapp.net","xp":6806,"level":2},{"id":"6282317675091@s.whatsapp.net","xp":1,"level":1},{"id":"6285696479794@s.whatsapp.net","xp":1,"level":1},{"id":"6281398106266@s.whatsapp.net","xp":1,"level":1},{"id":"6281359289959@s.whatsapp.net","xp":631,"level":1},{"id":"6289619598068@s.whatsapp.net","xp":1,"level":1},{"id":"6287891922309@s.whatsapp.net","xp":1,"level":1},{"id":"6283137411703@s.whatsapp.net","xp":1,"level":1},{"id":"6281217528304@s.whatsapp.net","xp":1269,"level":1},{"id":"6285389515959@s.whatsapp.net","xp":416,"level":1},{"id":"6281276458844@s.whatsapp.net","xp":210,"level":1},{"id":"6281295573549@s.whatsapp.net","xp":3138,"level":1},{"id":"6282198966318@s.whatsapp.net","xp":105,"level":1},{"id":"6288246210234@s.whatsapp.net","xp":1,"level":1},{"id":"62895700216435@s.whatsapp.net","xp":2307,"level":1},{"id":"6283189324405@s.whatsapp.net","xp":1,"level":1},{"id":"6283196871323@s.whatsapp.net","xp":2835,"level":1},{"id":"6281246778489@s.whatsapp.net","xp":1,"level":1},{"id":"6285823840101@s.whatsapp.net","xp":1,"level":1},{"id":"6283194031413@s.whatsapp.net","xp":1,"level":1},{"id":"6282113401455@s.whatsapp.net","xp":1,"level":1},{"id":"6283130913481@s.whatsapp.net","xp":1571,"level":1},{"id":"60133368710@s.whatsapp.net","xp":101,"level":1},{"id":"6285730019564@s.whatsapp.net","xp":1,"level":1},{"id":"62895335136428@s.whatsapp.net","xp":1,"level":1},{"id":"6282170266680@s.whatsapp.net","xp":1,"level":1},{"id":"6282157019639@s.whatsapp.net","xp":1,"level":1},{"id":"60197108073@s.whatsapp.net","xp":1,"level":1},{"id":"6281548270556@s.whatsapp.net","xp":1,"level":1},{"id":"6285792640473@s.whatsapp.net","xp":7415,"level":2},{"id":"6285706784652@s.whatsapp.net","xp":58176,"level":4},{"id":"6283193619973@s.whatsapp.net","xp":724,"level":1},{"id":"6288274127410@s.whatsapp.net","xp":1,"level":1},{"id":"6288801847397@s.whatsapp.net","xp":529,"level":1},{"id":"6282146725246@s.whatsapp.net","xp":1,"level":1},{"id":"6289525886118@s.whatsapp.net","xp":19999,"level":3},{"id":"6285229156496@s.whatsapp.net","xp":1364,"level":1},{"id":"6285892735247@s.whatsapp.net","xp":10267,"level":2},{"id":"6283815416862@s.whatsapp.net","xp":1,"level":1},{"id":"6283195638449@s.whatsapp.net","xp":1,"level":1},{"id":"6288809633558@s.whatsapp.net","xp":1,"level":1},{"id":"6281554828172@s.whatsapp.net","xp":20977,"level":3},{"id":"6281219983378@s.whatsapp.net","xp":5870,"level":2},{"id":"6285641448930@s.whatsapp.net","xp":2702,"level":1},{"id":"6285786654432@s.whatsapp.net","xp":5331,"level":2},{"id":"6281218788968@s.whatsapp.net","xp":215,"level":1},{"id":"6283131862366@s.whatsapp.net","xp":720,"level":1},{"id":"6282219614739@s.whatsapp.net","xp":8602,"level":2},{"id":"628814601743@s.whatsapp.net","xp":1,"level":1},{"id":"6285836374470@s.whatsapp.net","xp":25381,"level":3},{"id":"6285770124268@s.whatsapp.net","xp":618,"level":1},{"id":"6285220051186@s.whatsapp.net","xp":1,"level":1},{"id":"6285267267012@s.whatsapp.net","xp":2956,"level":1},{"id":"6287716854728@s.whatsapp.net","xp":1,"level":1},{"id":"6285852721161@s.whatsapp.net","xp":5539,"level":2},{"id":"62895397195919@s.whatsapp.net","xp":1363,"level":1},{"id":"6285694568060@s.whatsapp.net","xp":4581,"level":1},{"id":"6287716855236@s.whatsapp.net","xp":1,"level":1},{"id":"6285337421475@s.whatsapp.net","xp":1,"level":1},{"id":"6287756567369@s.whatsapp.net","xp":1,"level":1},{"id":"6282291349883@s.whatsapp.net","xp":1,"level":1},{"id":"6282237875508@s.whatsapp.net","xp":1,"level":1},{"id":"6289505061104@s.whatsapp.net","xp":1,"level":1},{"id":"6282324011249@s.whatsapp.net","xp":1,"level":1},{"id":"6282134847118@s.whatsapp.net","xp":1,"level":1},{"id":"6288226635024@s.whatsapp.net","xp":412,"level":1},{"id":"6282273268631@s.whatsapp.net","xp":1154,"level":1},{"id":"6283122741072@s.whatsapp.net","xp":1,"level":1},{"id":"6281382972829@s.whatsapp.net","xp":1,"level":1},{"id":"6285717644349@s.whatsapp.net","xp":11803,"level":2},{"id":"6289509047417@s.whatsapp.net","xp":15099,"level":3},{"id":"6282276744391@s.whatsapp.net","xp":1,"level":1},{"id":"6281553261492@s.whatsapp.net","xp":1,"level":1},{"id":"6285708737382@s.whatsapp.net","xp":2069,"level":1},{"id":"6289508677184@s.whatsapp.net","xp":1,"level":1},{"id":"6287889492501@s.whatsapp.net","xp":5334,"level":2},{"id":"6285156429220@s.whatsapp.net","xp":1,"level":1},{"id":"6288238494778@s.whatsapp.net","xp":40171,"level":4},{"id":"6282369386980@s.whatsapp.net","xp":1,"level":1},{"id":"6288233554767@s.whatsapp.net","xp":3248,"level":1},{"id":"6285748849389@s.whatsapp.net","xp":306,"level":1},{"id":"6285230676437@s.whatsapp.net","xp":1585,"level":1},{"id":"6281585948588@s.whatsapp.net","xp":6617,"level":2},{"id":"62859148563813@s.whatsapp.net","xp":1,"level":1},{"id":"6282399554231@s.whatsapp.net","xp":8598,"level":2},{"id":"6282211298285@s.whatsapp.net","xp":1362,"level":1},{"id":"6285892483107@s.whatsapp.net","xp":1,"level":1},{"id":"6289614008372@s.whatsapp.net","xp":2187,"level":1},{"id":"6287747753734@s.whatsapp.net","xp":1,"level":1},{"id":"6283839317855@s.whatsapp.net","xp":1666,"level":1},{"id":"6285848116726@s.whatsapp.net","xp":522,"level":1},{"id":"6285737279058@s.whatsapp.net","xp":30089,"level":3},{"id":"6281285048196@s.whatsapp.net","xp":2413,"level":1},{"id":"62895413167966@s.whatsapp.net","xp":1366,"level":1},{"id":"6288232090854@s.whatsapp.net","xp":19932,"level":3},{"id":"6281241956878@s.whatsapp.net","xp":1372,"level":1},{"id":"6281617496925@s.whatsapp.net","xp":3577,"level":1},{"id":"6283873585339@s.whatsapp.net","xp":10887,"level":2},{"id":"6285936662089@s.whatsapp.net","xp":1262,"level":1},{"id":"6282347431771@s.whatsapp.net","xp":7008,"level":2},{"id":"6282166527161@s.whatsapp.net","xp":101,"level":1},{"id":"6282150328993@s.whatsapp.net","xp":8875,"level":2},{"id":"6287840867473@s.whatsapp.net","xp":1,"level":1},{"id":"62858777455475@s.whatsapp.net","xp":1,"level":1},{"id":"6288232125345@s.whatsapp.net","xp":1,"level":1},{"id":"628884899925@s.whatsapp.net","xp":1,"level":1},{"id":"6281217554001@s.whatsapp.net","xp":1,"level":1},{"id":"6288215127948@s.whatsapp.net","xp":5644,"level":2},{"id":"6285782110212@s.whatsapp.net","xp":5751,"level":2},{"id":"6285256121052@s.whatsapp.net","xp":2299,"level":1},{"id":"6281333028833@s.whatsapp.net","xp":838,"level":1},{"id":"6289627467013@s.whatsapp.net","xp":208,"level":1},{"id":"6282232081571@s.whatsapp.net","xp":2824,"level":1},{"id":"6283149571348@s.whatsapp.net","xp":5730,"level":2},{"id":"628882370181@s.whatsapp.net","xp":1241,"level":1},{"id":"6283195515392@s.whatsapp.net","xp":1,"level":1},{"id":"6281525916721@s.whatsapp.net","xp":1,"level":1},{"id":"6282269201198@s.whatsapp.net","xp":1,"level":1},{"id":"6289691461974@s.whatsapp.net","xp":104,"level":1},{"id":"6281370575497@s.whatsapp.net","xp":1,"level":1},{"id":"6289530911981@s.whatsapp.net","xp":1,"level":1},{"id":"6285693995525@s.whatsapp.net","xp":1,"level":1},{"id":"6282335247641@s.whatsapp.net","xp":1,"level":1},{"id":"6285265324790@s.whatsapp.net","xp":1,"level":1},{"id":"6282256182259@s.whatsapp.net","xp":1,"level":1},{"id":"6282139560265@s.whatsapp.net","xp":1,"level":1},{"id":"628817891470@s.whatsapp.net","xp":1,"level":1},{"id":"6282393574112@s.whatsapp.net","xp":1,"level":1},{"id":"6285158852605@s.whatsapp.net","xp":316,"level":1},{"id":"6285783319993@s.whatsapp.net","xp":1,"level":1},{"id":"6285386527283@s.whatsapp.net","xp":1,"level":1},{"id":"6282258857085@s.whatsapp.net","xp":1,"level":1},{"id":"6282371303935@s.whatsapp.net","xp":1,"level":1},{"id":"6287851866578@s.whatsapp.net","xp":1877,"level":1},{"id":"6281270011784@s.whatsapp.net","xp":1,"level":1},{"id":"6281221764955@s.whatsapp.net","xp":1,"level":1},{"id":"6287787112722@s.whatsapp.net","xp":1,"level":1},{"id":"628816563748@s.whatsapp.net","xp":1,"level":1},{"id":"6283824312348@s.whatsapp.net","xp":1,"level":1},{"id":"62895412832001@s.whatsapp.net","xp":532,"level":1},{"id":"6287829055500@s.whatsapp.net","xp":1,"level":1},{"id":"6285892909562@s.whatsapp.net","xp":1,"level":1},{"id":"6282267661780@s.whatsapp.net","xp":1,"level":1},{"id":"6282289026162@s.whatsapp.net","xp":1,"level":1},{"id":"6289653381067@s.whatsapp.net","xp":32412,"level":3},{"id":"6282257228922@s.whatsapp.net","xp":1,"level":1},{"id":"6282257228922@s.whatsapp.net","xp":1,"level":1},{"id":"6288287685910@s.whatsapp.net","xp":208,"level":1},{"id":"6285313537349@s.whatsapp.net","xp":1,"level":1},{"id":"6289637573525@s.whatsapp.net","xp":106,"level":1},{"id":"62881036773599@s.whatsapp.net","xp":1,"level":1},{"id":"6288224746605@s.whatsapp.net","xp":1,"level":1},{"id":"6287812483831@s.whatsapp.net","xp":5660,"level":2},{"id":"6287701511883@s.whatsapp.net","xp":1,"level":1},{"id":"6285786108649@s.whatsapp.net","xp":205,"level":1},{"id":"6285868540160@s.whatsapp.net","xp":1,"level":1},{"id":"13374045179@s.whatsapp.net","xp":2708,"level":1},{"id":"6288214722859@s.whatsapp.net","xp":1,"level":1},{"id":"6289646522580@s.whatsapp.net","xp":930,"level":1},{"id":"6285349478928@s.whatsapp.net","xp":210,"level":1},{"id":"6281325698074@s.whatsapp.net","xp":1,"level":1},{"id":"6285896132544@s.whatsapp.net","xp":1,"level":1},{"id":"6283137997316@s.whatsapp.net","xp":1,"level":1},{"id":"6282375306001@s.whatsapp.net","xp":1,"level":1},{"id":"6283123564477@s.whatsapp.net","xp":1,"level":1},{"id":"6282120051268@s.whatsapp.net","xp":1,"level":1},{"id":"6285824668593@s.whatsapp.net","xp":1,"level":1},{"id":"628980788642@s.whatsapp.net","xp":1,"level":1},{"id":"","xp":14890,"level":2},{"id":"6289639105806@s.whatsapp.net","xp":101,"level":1},{"id":"6281937381275@s.whatsapp.net","xp":1,"level":1},{"id":"628561778299@s.whatsapp.net","xp":1,"level":1},{"id":"6281905687439@s.whatsapp.net","xp":1,"level":1},{"id":"6283137593794@s.whatsapp.net","xp":3467,"level":1},{"id":"6289649215010@s.whatsapp.net","xp":106,"level":1},{"id":"6281316184498@s.whatsapp.net","xp":2402,"level":1},{"id":"6283835909730@s.whatsapp.net","xp":216,"level":1},{"id":"6285756616802@s.whatsapp.net","xp":5456,"level":2},{"id":"62895356233377@s.whatsapp.net","xp":9079,"level":2},{"id":"6281280840124@s.whatsapp.net","xp":1878,"level":1},{"id":"6282347144325@s.whatsapp.net","xp":5757,"level":2},{"id":"628999507474@s.whatsapp.net","xp":1,"level":1},{"id":"60183230902@s.whatsapp.net","xp":212,"level":1},{"id":"6283165223973@s.whatsapp.net","xp":1,"level":1},{"id":"601123285548@s.whatsapp.net","xp":312,"level":1},{"id":"628815648204@s.whatsapp.net","xp":310,"level":1},{"id":"6288286897681@s.whatsapp.net","xp":1,"level":1},{"id":"6281287826673@s.whatsapp.net","xp":1,"level":1},{"id":"6282150627538@s.whatsapp.net","xp":103,"level":1},{"id":"6285883444032@s.whatsapp.net","xp":6908,"level":2},{"id":"6285784320969@s.whatsapp.net","xp":3148,"level":1},{"id":"6285892179361@s.whatsapp.net","xp":1,"level":1},{"id":"6282259102506@s.whatsapp.net","xp":37360,"level":4},{"id":"6289521980483@s.whatsapp.net","xp":1,"level":1},{"id":"628886043581@s.whatsapp.net","xp":1361,"level":1},{"id":"6288264201573@s.whatsapp.net","xp":3677,"level":1},{"id":"6288223406325@s.whatsapp.net","xp":518,"level":1},{"id":"6737229309@s.whatsapp.net","xp":106,"level":1},{"id":"6283117484417@s.whatsapp.net","xp":315,"level":1},{"id":"6281282278498@s.whatsapp.net","xp":1,"level":1},{"id":"6281312012942@s.whatsapp.net","xp":1,"level":1},{"id":"6285714807646@s.whatsapp.net","xp":1,"level":1},{"id":"6281386690932@s.whatsapp.net","xp":3543,"level":1},{"id":"6289624666868@s.whatsapp.net","xp":1,"level":1},{"id":"62895395242292@s.whatsapp.net","xp":1,"level":1},{"id":"6288213987961@s.whatsapp.net","xp":1,"level":1},{"id":"6289678561593@s.whatsapp.net","xp":1,"level":1},{"id":"6282132963592@s.whatsapp.net","xp":2630,"level":1},{"id":"6289654185098@s.whatsapp.net","xp":103,"level":1},{"id":"6289654185098@s.whatsapp.net","xp":2303,"level":1},{"id":"62895366227647@s.whatsapp.net","xp":3792,"level":1},{"id":"6282122613368@s.whatsapp.net","xp":6063,"level":2},{"id":"6281244774657@s.whatsapp.net","xp":207,"level":1},{"id":"62887435622504@s.whatsapp.net","xp":1,"level":1},{"id":"628981867482@s.whatsapp.net","xp":1,"level":1},{"id":"6285643051629@s.whatsapp.net","xp":1,"level":1},{"id":"628816636074@s.whatsapp.net","xp":1,"level":1},{"id":"6283130540801@s.whatsapp.net","xp":4286,"level":1},{"id":"6282182593339@s.whatsapp.net","xp":1,"level":1},{"id":"6281233400208@s.whatsapp.net","xp":1,"level":1},{"id":"6285232247413@s.whatsapp.net","xp":1,"level":1},{"id":"6285723159653@s.whatsapp.net","xp":1,"level":1},{"id":"6285277857310@s.whatsapp.net","xp":1,"level":1},{"id":"6283117003908@s.whatsapp.net","xp":1,"level":1},{"id":"62882009053677@s.whatsapp.net","xp":106,"level":1},{"id":"6283806054217@s.whatsapp.net","xp":103,"level":1},{"id":"6282325211342@s.whatsapp.net","xp":104,"level":1},{"id":"6285520978904@s.whatsapp.net","xp":1,"level":1},{"id":"6285651037954@s.whatsapp.net","xp":107,"level":1},{"id":"6282179305820@s.whatsapp.net","xp":1,"level":1},{"id":"6285954621348@s.whatsapp.net","xp":1,"level":1},{"id":"628988795033@s.whatsapp.net","xp":1,"level":1},{"id":"628979262227@s.whatsapp.net","xp":1,"level":1},{"id":"6287877149146@s.whatsapp.net","xp":104,"level":1},{"id":"6287877149146@s.whatsapp.net","xp":827,"level":1},{"id":"6282296272080@s.whatsapp.net","xp":1,"level":1},{"id":"6285737039069@s.whatsapp.net","xp":1,"level":1},{"id":"6285377016879@s.whatsapp.net","xp":1,"level":1},{"id":"6285893059341@s.whatsapp.net","xp":1,"level":1},{"id":"6285784464200@s.whatsapp.net","xp":1,"level":1},{"id":"6282122478926@s.whatsapp.net","xp":1,"level":1},{"id":"6283181100954@s.whatsapp.net","xp":1,"level":1},{"id":"6285789288635@s.whatsapp.net","xp":1674,"level":1},{"id":"6287736453326@s.whatsapp.net","xp":1,"level":1},{"id":"6283863363326@s.whatsapp.net","xp":1,"level":1},{"id":"6285747975719@s.whatsapp.net","xp":1,"level":1},{"id":"6287794870505@s.whatsapp.net","xp":1,"level":1},{"id":"6283835362184@s.whatsapp.net","xp":1,"level":1},{"id":"6282132448392@s.whatsapp.net","xp":1,"level":1},{"id":"6283182502361@s.whatsapp.net","xp":103,"level":1},{"id":"6281347323338@s.whatsapp.net","xp":1,"level":1},{"id":"62895702530505@s.whatsapp.net","xp":1,"level":1},{"id":"6281549244875@s.whatsapp.net","xp":1,"level":1},{"id":"6287819938725@s.whatsapp.net","xp":1,"level":1},{"id":"6285702063936@s.whatsapp.net","xp":1,"level":1},{"id":"6285865909543@s.whatsapp.net","xp":1,"level":1},{"id":"628566356722@s.whatsapp.net","xp":1,"level":1},{"id":"6288803614897@s.whatsapp.net","xp":1,"level":1},{"id":"6281260677492@s.whatsapp.net","xp":423,"level":1},{"id":"6285216084579@s.whatsapp.net","xp":1,"level":1},{"id":"6287734401859@s.whatsapp.net","xp":212,"level":1},{"id":"6285706075448@s.whatsapp.net","xp":1,"level":1},{"id":"6281213915303@s.whatsapp.net","xp":1,"level":1},{"id":"6281919944105@s.whatsapp.net","xp":210,"level":1},{"id":"62818112008@s.whatsapp.net","xp":317,"level":1},{"id":"6285813524562@s.whatsapp.net","xp":1239,"level":1},{"id":"6282313127981@s.whatsapp.net","xp":1,"level":1},{"id":"6282285132456@s.whatsapp.net","xp":1,"level":1},{"id":"6281380302051@s.whatsapp.net","xp":1,"level":1},{"id":"6288214225045@s.whatsapp.net","xp":1,"level":1},{"id":"6285821699504@s.whatsapp.net","xp":1253,"level":1},{"id":"6285264891040@s.whatsapp.net","xp":1,"level":1},{"id":"62895413944123@s.whatsapp.net","xp":1,"level":1},{"id":"6285730129138@s.whatsapp.net","xp":4171,"level":1},{"id":"6282372328226@s.whatsapp.net","xp":1,"level":1},{"id":"6283800625818@s.whatsapp.net","xp":1,"level":1},{"id":"6288232911585@s.whatsapp.net","xp":1,"level":1},{"id":"6285607534077@s.whatsapp.net","xp":1,"level":1},{"id":"6285601761062@s.whatsapp.net","xp":1,"level":1},{"id":"6285718673400@s.whatsapp.net","xp":1,"level":1},{"id":"628974149670@s.whatsapp.net","xp":1,"level":1},{"id":"6289652225869@s.whatsapp.net","xp":1,"level":1},{"id":"6281524923478@s.whatsapp.net","xp":1,"level":1},{"id":"6285266171185@s.whatsapp.net","xp":1,"level":1},{"id":"6285386791019@s.whatsapp.net","xp":215,"level":1},{"id":"6285264883278@s.whatsapp.net","xp":1,"level":1},{"id":"6285356031860@s.whatsapp.net","xp":1,"level":1},{"id":"6281279500795@s.whatsapp.net","xp":1,"level":1},{"id":"6285295329117@s.whatsapp.net","xp":1,"level":1},{"id":"6288231632865@s.whatsapp.net","xp":1,"level":1},{"id":"6285648908613@s.whatsapp.net","xp":1,"level":1},{"id":"601159439380@s.whatsapp.net","xp":1,"level":1},{"id":"6288271429398@s.whatsapp.net","xp":1,"level":1},{"id":"6283890426222@s.whatsapp.net","xp":1,"level":1},{"id":"6281381710240@s.whatsapp.net","xp":1,"level":1},{"id":"6288290253011@s.whatsapp.net","xp":1,"level":1},{"id":"19203725567@s.whatsapp.net","xp":107,"level":1},{"id":"19203725567@s.whatsapp.net","xp":3260,"level":1},{"id":"6285733200651@s.whatsapp.net","xp":1,"level":1},{"id":"6281382829867@s.whatsapp.net","xp":1,"level":1},{"id":"6285269945084@s.whatsapp.net","xp":1,"level":1},{"id":"62895335973261@s.whatsapp.net","xp":1,"level":1},{"id":"6282180248992@s.whatsapp.net","xp":1,"level":1},{"id":"62815749185062@s.whatsapp.net","xp":1,"level":1},{"id":"62881026155516@s.whatsapp.net","xp":1,"level":1},{"id":"6283183707705@s.whatsapp.net","xp":1,"level":1},{"id":"6283133734577@s.whatsapp.net","xp":1,"level":1},{"id":"6285716683364@s.whatsapp.net","xp":1,"level":1},{"id":"6285591248985@s.whatsapp.net","xp":1,"level":1},{"id":"6281243351924@s.whatsapp.net","xp":1,"level":1},{"id":"6285855313851@s.whatsapp.net","xp":1,"level":1},{"id":"19152770701@s.whatsapp.net","xp":1,"level":1},{"id":"6282126314706@s.whatsapp.net","xp":103,"level":1},{"id":"6282126314706@s.whatsapp.net","xp":1,"level":1},{"id":"6287886676846@s.whatsapp.net","xp":1,"level":1},{"id":"6285893538099@s.whatsapp.net","xp":1,"level":1},{"id":"6285741843001@s.whatsapp.net","xp":106,"level":1}]