[{"id":"6281319944917@s.whatsapp.net","limit":1},{"id":"6285883444032@s.whatsapp.net","limit":0},{"id":"6285794659953@s.whatsapp.net","limit":3},{"id":"6282259102506@s.whatsapp.net","limit":-2},{"id":"6285717644349@s.whatsapp.net","limit":0},{"id":"6283130540801@s.whatsapp.net","limit":7},{"id":"6288238494778@s.whatsapp.net","limit":-2},{"id":"6285694568060@s.whatsapp.net","limit":0},{"id":"628979262227@s.whatsapp.net","limit":0},{"id":"6287877149146@s.whatsapp.net","limit":0},{"id":"6287734401859@s.whatsapp.net","limit":11},{"id":"6282296272080@s.whatsapp.net","limit":1},{"id":"6289653381067@s.whatsapp.net","limit":2},{"id":"6285737039069@s.whatsapp.net","limit":0},{"id":"6281333028833@s.whatsapp.net","limit":18},{"id":"6285377016879@s.whatsapp.net","limit":0},{"id":"6285893059341@s.whatsapp.net","limit":15},{"id":"6285784464200@s.whatsapp.net","limit":1},{"id":"6282399554231@s.whatsapp.net","limit":1},{"id":"6282122478926@s.whatsapp.net","limit":0},{"id":"6283181100954@s.whatsapp.net","limit":0},{"id":"6288224746605@s.whatsapp.net","limit":4},{"id":"6285852721161@s.whatsapp.net","limit":-3},{"id":"6285789288635@s.whatsapp.net","limit":1},{"id":"628981867482@s.whatsapp.net","limit":2},{"id":"6287736453326@s.whatsapp.net","limit":0},{"id":"6288232090854@s.whatsapp.net","limit":2},{"id":"6287840867473@s.whatsapp.net","limit":1},{"id":"6283863363326@s.whatsapp.net","limit":0},{"id":"6287889492501@s.whatsapp.net","limit":3},{"id":"6288213987961@s.whatsapp.net","limit":1},{"id":"6282146725246@s.whatsapp.net","limit":0},{"id":"6285747975719@s.whatsapp.net","limit":3},{"id":"6287794870505@s.whatsapp.net","limit":0},{"id":"6282291349883@s.whatsapp.net","limit":0},{"id":"6288264201573@s.whatsapp.net","limit":0},{"id":"6283835362184@s.whatsapp.net","limit":0},{"id":"6282132448392@s.whatsapp.net","limit":0},{"id":"62858777455475@s.whatsapp.net","limit":2},{"id":"6283182502361@s.whatsapp.net","limit":0},{"id":"6287812483831@s.whatsapp.net","limit":0},{"id":"6285706784652@s.whatsapp.net","limit":-20},{"id":"6285792640473@s.whatsapp.net","limit":0},{"id":"6282276744391@s.whatsapp.net","limit":0},{"id":"6281347323338@s.whatsapp.net","limit":18},{"id":"62895702530505@s.whatsapp.net","limit":3},{"id":"6281549244875@s.whatsapp.net","limit":1},{"id":"6287819938725@s.whatsapp.net","limit":5},{"id":"6285702063936@s.whatsapp.net","limit":2},{"id":"6285865909543@s.whatsapp.net","limit":1},{"id":"628566356722@s.whatsapp.net","limit":11},{"id":"6288803614897@s.whatsapp.net","limit":1},{"id":"6289509047417@s.whatsapp.net","limit":1},{"id":"6281260677492@s.whatsapp.net","limit":3},{"id":"6285216084579@s.whatsapp.net","limit":0},{"id":"62895395242292@s.whatsapp.net","limit":2},{"id":"6285706075448@s.whatsapp.net","limit":0},{"id":"6281213915303@s.whatsapp.net","limit":4},{"id":"62818112008@s.whatsapp.net","limit":0},{"id":"6285813524562@s.whatsapp.net","limit":14},{"id":"6282313127981@s.whatsapp.net","limit":1},{"id":"6282285132456@s.whatsapp.net","limit":8},{"id":"6281380302051@s.whatsapp.net","limit":0},{"id":"6288214225045@s.whatsapp.net","limit":0},{"id":"6285821699504@s.whatsapp.net","limit":1},{"id":"6285264891040@s.whatsapp.net","limit":0},{"id":"62895413944123@s.whatsapp.net","limit":1},{"id":"6285730129138@s.whatsapp.net","limit":0},{"id":"6282372328226@s.whatsapp.net","limit":0},{"id":"6283800625818@s.whatsapp.net","limit":4},{"id":"6288232911585@s.whatsapp.net","limit":1},{"id":"6285607534077@s.whatsapp.net","limit":0},{"id":"6285601761062@s.whatsapp.net","limit":0},{"id":"6285718673400@s.whatsapp.net","limit":1},{"id":"628974149670@s.whatsapp.net","limit":0},{"id":"6289652225869@s.whatsapp.net","limit":4},{"id":"6281524923478@s.whatsapp.net","limit":0},{"id":"6285266171185@s.whatsapp.net","limit":12},{"id":"6285386791019@s.whatsapp.net","limit":0},{"id":"6285264883278@s.whatsapp.net","limit":0},{"id":"6285356031860@s.whatsapp.net","limit":0},{"id":"6281279500795@s.whatsapp.net","limit":2},{"id":"6285295329117@s.whatsapp.net","limit":0},{"id":"6288231632865@s.whatsapp.net","limit":0},{"id":"6285648908613@s.whatsapp.net","limit":0},{"id":"601159439380@s.whatsapp.net","limit":0},{"id":"6288271429398@s.whatsapp.net","limit":0},{"id":"6283890426222@s.whatsapp.net","limit":0},{"id":"6281381710240@s.whatsapp.net","limit":0},{"id":"628882370181@s.whatsapp.net","limit":4},{"id":"6288290253011@s.whatsapp.net","limit":4},{"id":"19203725567@s.whatsapp.net","limit":0},{"id":"62895347356181@s.whatsapp.net","limit":4},{"id":"6285733200651@s.whatsapp.net","limit":1},{"id":"6281382829867@s.whatsapp.net","limit":0},{"id":"6285269945084@s.whatsapp.net","limit":4},{"id":"62895335973261@s.whatsapp.net","limit":0},{"id":"6282180248992@s.whatsapp.net","limit":3},{"id":"62815749185062@s.whatsapp.net","limit":0},{"id":"62881026155516@s.whatsapp.net","limit":0},{"id":"6285230676437@s.whatsapp.net","limit":2},{"id":"6283183707705@s.whatsapp.net","limit":0},{"id":"6283133734577@s.whatsapp.net","limit":1},{"id":"6285716683364@s.whatsapp.net","limit":0},{"id":"6285591248985@s.whatsapp.net","limit":0},{"id":"6281243351924@s.whatsapp.net","limit":0},{"id":"6285855313851@s.whatsapp.net","limit":0},{"id":"19152770701@s.whatsapp.net","limit":0},{"id":"6282126314706@s.whatsapp.net","limit":0},{"id":"6287886676846@s.whatsapp.net","limit":0},{"id":"6285893538099@s.whatsapp.net","limit":0},{"id":"","limit":0},{"id":"6285773742747@s.whatsapp.net","limit":0},{"id":"6289514748316@s.whatsapp.net","limit":0},{"id":"6285299227318@s.whatsapp.net","limit":0},{"id":"6287754843088@s.whatsapp.net","limit":0}]